{
  "formatVersion": 1,
  "database": {
    "version": 6,
    "identityHash": "f6419291a92afeba1fb751bc47a567e1",
    "entities": [
      {
        "tableName": "Plant",
        "createSql": "CREATE TABLE IF NOT EXISTS `${TABLE_NAME}` (`nom` TEXT, `latin` TEXT, `frequence` INTEGER NOT NULL, `frequence2` INTEGER, `season_from` TEXT, `season_to` TEXT, `frequence3` INTEGER, `nutrient_from` TEXT, `nutrient_to` TEXT, `last_watering` TEXT NOT NULL, `image` TEXT, `idPlant` INTEGER PRIMARY KEY AUTOINCREMENT NOT NULL)",
        "fields": [
          {
            "fieldPath": "nom",
            "columnName": "nom",
            "affinity": "TEXT",
            "notNull": false
          },
          {
            "fieldPath": "latin",
            "columnName": "latin",
            "affinity": "TEXT",
            "notNull": false
          },
          {
            "fieldPath": "frequence",
            "columnName": "frequence",
            "affinity": "INTEGER",
            "notNull": true
          },
          {
            "fieldPath": "frequence2",
            "columnName": "frequence2",
            "affinity": "INTEGER",
            "notNull": false
          },
          {
            "fieldPath": "season_from",
            "columnName": "season_from",
            "affinity": "TEXT",
            "notNull": false
          },
          {
            "fieldPath": "season_to",
            "columnName": "season_to",
            "affinity": "TEXT",
            "notNull": false
          },
          {
            "fieldPath": "frequence3",
            "columnName": "frequence3",
            "affinity": "INTEGER",
            "notNull": false
          },
          {
            "fieldPath": "nutrient_from",
            "columnName": "nutrient_from",
            "affinity": "TEXT",
            "notNull": false
          },
          {
            "fieldPath": "nutrient_to",
            "columnName": "nutrient_to",
            "affinity": "TEXT",
            "notNull": false
          },
          {
            "fieldPath": "last_watering",
            "columnName": "last_watering",
            "affinity": "TEXT",
            "notNull": true
          },
          {
            "fieldPath": "image",
            "columnName": "image",
            "affinity": "TEXT",
            "notNull": false
          },
          {
            "fieldPath": "idPlant",
            "columnName": "idPlant",
            "affinity": "INTEGER",
            "notNull": true
          }
        ],
        "primaryKey": {
          "columnNames": [
            "idPlant"
          ],
          "autoGenerate": true
        },
        "indices": [],
        "foreignKeys": []
      }
    ],
    "views": [],
    "setupQueries": [
      "CREATE TABLE IF NOT EXISTS room_master_table (id INTEGER PRIMARY KEY,identity_hash TEXT)",
      "INSERT OR REPLACE INTO room_master_table (id,identity_hash) VALUES(42, 'f6419291a92afeba1fb751bc47a567e1')"
    ]
  }
}